{
    "color": "#FFFF00",
    "wrongcolor": "#FFFF01",
    "footertext": "Thanks For Choosing Music Disc ",
    "footericon": "https://media.discordapp.net/attachments/910733222621630504/912731510413623338/20211123_211721.jpg",
    "banner": "https://media.discordapp.net/attachments/910733222621630504/912731510413623338/20211123_211721.jpg",
    "nosongbanner": "https://media.discordapp.net/attachments/910733222621630504/912731510413623338/20211123_211721.jpg",
    "avatara": "https://media.discordapp.net/attachments/910733222621630504/912731510413623338/20211123_211721.jpg"
}