{
      "msg": {
        "COMMENT": "IF YOU DECIDE TO USE CUSTOM EMOJIS, USE THE NAME AND THE ID IN MSG, EXAMPLE: ⬜ --> <:progressbar_left_filled:818558865268408341>",
    
        "ERROR" : "<a:865963806483808256:896694904019894282>",
        "SUCCESS" : "<a:797855362694774804:891459284183941170>",
        "ARROW": "<a:arrow:902237053008351273>",

       "prem": "<:perms:902237284076757053>",
       "DurationLine": "<:FilledLine:910528480091971606>", 
        "disabled" : "<:disabled:902237541594431568>",
        "enabled" : "<a:766617203050938398:891462862667644938>",
        "Playing": "<:progress:910529782263971920>",
        "loading": "<a:Loading:902237971862921286>",
        "title": "<a:766617203050938398:891462862667644938>",
        "region": "🌐",
        "varlevel": "🔒",
        "rules": "<a:766617203050938398:891462862667644938>",
        "channels": "<a:766617203050938398:891462862667644938>",
        "afk": "<a:766617203050938398:891462862667644938>",
        "id": "<a:766617203050938398:891462862667644938>",
        "crown": "<a:766617203050938398:891462862667644938>",
        "atime": "<a:766617203050938398:891462862667644938>",
        "afktimeout": "<a:766617203050938398:891462862667644938>",
        "defaultnotifications": "🔔",
        "partnered": "<a:766617203050938398:891462862667644938>",
        "verified": "<a:766617203050938398:891462862667644938>",
        "calendar": "<:user:902424997522440232>",
        "roles": "<:user:902424997522440232>",
        "users": "<:user:902424997522440232>",
        "boost": "<:enabled:902237663237656577>",
    		"dnd": "<a:milky_dnd:885025509501698068>",
    		"idle": "<a:milky_idle:885025497631830037>",
    		"online": "<a:milky_online:885025472235319326>",
    		"offline": "<a:milky_off:885025485824880700>",
  
        "progress_bar": {
          "emptybeginning": "[",
          "emptyend": "]",
          "leftindicator": "[",
          "rightindicator": "]",
  
          "emptyframe": "<:N_filled:917715758245617744>", 
          "filledframe": "<a:Linea:746046274620358657>" 
        },
    
        "playing": "<a:Playing:917393315710763008>", 
        "pruning": "<:dustbin:902239647713878036>",
        "equalizer": "<:enabled:902237663237656577>",
        "cleared": "<:enabled:902237663237656577>", 
        "leave_on_empty": "<:error:902236340781985842>", 
        "time": "<a:Clock:902426520990134272>",
        "premium": "<:premium:902423229166133258>", 
        "song_by": "<a:IG_youtube:910523880102318101>",
        "requested_by": "<:user:902424997522440232>", 
        "setup": "<:setup_y:902424852634419201>", 
        "dj": "<a:DJ:902239413050933268>",
        "bot": "<:Bot:902424417529892906>", 
        "search": "<a:search:902424202072690688>", 
        "resume": "⏯️",
        "pause": "⏯️", 
        "lyrics": "📝", 
        "disk": "<a:Playing:917393315710763008>", 
        "ping": "<:Ping:902424057805418496>",
        "warn": "<:error:902236340781985842>",
    
        "rewind": "◀️", 
        "forward": "▶️", 
        "pause_resume": "⏯️", 
        "stop": "⏹️", 
        "previous_track": "⏮️", 
        "skip_track": "⏭️", 
        "replay_track": "<:replay1:910526680823644181>", 
        "reduce_volume": "🔉", 
        "raise_volume": "🔊", 
        "toggle_mute": "🔇",
        "repeat_mode": "<:replay1:910526680823644181>",
        "autoplay_mode": "♾️", 
        "shuffle": "🔀", 
        "show_queue": "📝", 
        "show_current_track": "▶️"
      },
      "categories": {
        "AnimatedDiscord": "<:Discord:905685763876872192>",
        "Settings": "<a:settings:902409566107623465>",
        "Playlist": "📝",
        "Playing": "<:progress:910529782263971920>",
        "AstrozMusic": "<a:908706374857392229:908709536532140083>",
        "Premium": "<:premium:902423229166133258>",
        "Cash": "<:premium:902423229166133258>",
        "Info": "<:info:902423332673179688>",
        "Owner": "<:Developer:902423533873930261>"
      }
    }

    